CPU Entries,Unnamed: 1,Unnamed: 2,Unnamed: 3,Unnamed: 4
### model,operation,pcktlen (bytes),exec time (usec),
AMD EPYC 7763 64-Core Processor,authenticate,64,0.25,
AMD EPYC 7763 64-Core Processor,authenticate,1500,0.25,
AMD EPYC 7763 64-Core Processor,decrypt-AES-128-CBC,64,0.413977998046264,
AMD EPYC 7763 64-Core Processor,decrypt-AES-128-CBC,128,0.650250830070213,
AMD EPYC 7763 64-Core Processor,decrypt-AES-128-CBC,196,0.901290714095659,
AMD EPYC 7763 64-Core Processor,decrypt-AES-128-CBC,256,1.12279649411811,
AMD EPYC 7763 64-Core Processor,decrypt-AES-128-CBC,384,1.595342158166,
AMD EPYC 7763 64-Core Processor,decrypt-AES-128-CBC,512,2.0678878222139,
AMD EPYC 7763 64-Core Processor,decrypt-AES-128-CBC,768,3.0129791503097,
AMD EPYC 7763 64-Core Processor,decrypt-AES-128-CBC,1000,3.86946816639651,
AMD EPYC 7763 64-Core Processor,decrypt-AES-128-CBC,1500,5.71534966658361,
AMD EPYC 7763 64-Core Processor,decrypt-AES-128-CTR,64,0.322370179401077,
AMD EPYC 7763 64-Core Processor,decrypt-AES-128-CTR,128,0.617347440427774,
AMD EPYC 7763 64-Core Processor,decrypt-AES-128-CTR,196,0.930760780268639,
AMD EPYC 7763 64-Core Processor,decrypt-AES-128-CTR,256,1.20730196248116,
AMD EPYC 7763 64-Core Processor,decrypt-AES-128-CTR,384,1.79725648453455,
AMD EPYC 7763 64-Core Processor,decrypt-AES-128-CTR,512,2.38721100658795,
AMD EPYC 7763 64-Core Processor,decrypt-AES-128-CTR,768,3.56712005069473,
AMD EPYC 7763 64-Core Processor,decrypt-AES-128-CTR,1000,4.63641262191651,
AMD EPYC 7763 64-Core Processor,decrypt-AES-128-CTR,1500,6.94092247368757,
AMD EPYC 7763 64-Core Processor,decrypt-AES-128-ECB,64,0.389307549449035,
AMD EPYC 7763 64-Core Processor,decrypt-AES-128-ECB,128,0.628844624004175,
AMD EPYC 7763 64-Core Processor,decrypt-AES-128-ECB,196,0.883352765719012,
AMD EPYC 7763 64-Core Processor,decrypt-AES-128-ECB,256,1.10791877311445,
AMD EPYC 7763 64-Core Processor,decrypt-AES-128-ECB,384,1.58699292222473,
AMD EPYC 7763 64-Core Processor,decrypt-AES-128-ECB,512,2.06606707133502,
AMD EPYC 7763 64-Core Processor,decrypt-AES-128-ECB,768,3.02421536955558,
AMD EPYC 7763 64-Core Processor,decrypt-AES-128-ECB,1000,3.89253726481796,
AMD EPYC 7763 64-Core Processor,decrypt-AES-128-ECB,1500,5.76392065978,
AMD EPYC 7763 64-Core Processor,decrypt-AES-128-GCM,64,0.822909140799023,
AMD EPYC 7763 64-Core Processor,decrypt-AES-128-GCM,128,0.840042066815035,
AMD EPYC 7763 64-Core Processor,decrypt-AES-128-GCM,196,0.858245800707047,
AMD EPYC 7763 64-Core Processor,decrypt-AES-128-GCM,256,0.874307918847059,
AMD EPYC 7763 64-Core Processor,decrypt-AES-128-GCM,384,0.908573770879083,
AMD EPYC 7763 64-Core Processor,decrypt-AES-128-GCM,512,0.942839622911107,
AMD EPYC 7763 64-Core Processor,decrypt-AES-128-GCM,768,1.01137132697515,
AMD EPYC 7763 64-Core Processor,decrypt-AES-128-GCM,1000,1.07347818378319,
AMD EPYC 7763 64-Core Processor,decrypt-AES-128-GCM,1500,1.20732916828329,
AMD EPYC 7763 64-Core Processor,decrypt-AES-256-CBC,64,0.493773940068342,
AMD EPYC 7763 64-Core Processor,decrypt-AES-256-CBC,128,0.810993124028795,
AMD EPYC 7763 64-Core Processor,decrypt-AES-256-CBC,196,1.14803850698677,
AMD EPYC 7763 64-Core Processor,decrypt-AES-256-CBC,256,1.4454314919497,
AMD EPYC 7763 64-Core Processor,decrypt-AES-256-CBC,384,2.0798698598706,
AMD EPYC 7763 64-Core Processor,decrypt-AES-256-CBC,512,2.71430822779151,
AMD EPYC 7763 64-Core Processor,decrypt-AES-256-CBC,768,3.98318496363332,
AMD EPYC 7763 64-Core Processor,decrypt-AES-256-CBC,1000,5.13310450548996,
AMD EPYC 7763 64-Core Processor,decrypt-AES-256-CBC,1500,7.61137938018099,
AMD EPYC 7763 64-Core Processor,decrypt-AES-256-CTR,64,0.418723517340398,
AMD EPYC 7763 64-Core Processor,decrypt-AES-256-CTR,128,0.79800580609558,
AMD EPYC 7763 64-Core Processor,decrypt-AES-256-CTR,196,1.20099323789796,
AMD EPYC 7763 64-Core Processor,decrypt-AES-256-CTR,256,1.55657038360594,
AMD EPYC 7763 64-Core Processor,decrypt-AES-256-CTR,384,2.3151349611163,
AMD EPYC 7763 64-Core Processor,decrypt-AES-256-CTR,512,3.07369953862667,
AMD EPYC 7763 64-Core Processor,decrypt-AES-256-CTR,768,4.5908286936474,
AMD EPYC 7763 64-Core Processor,decrypt-AES-256-CTR,1000,5.96572699038493,
AMD EPYC 7763 64-Core Processor,decrypt-AES-256-CTR,1500,8.92886987128479,
AMD EPYC 7763 64-Core Processor,decrypt-AES-256-ECB,64,0.458876970808182,
AMD EPYC 7763 64-Core Processor,decrypt-AES-256-ECB,128,0.782175515424081,
AMD EPYC 7763 64-Core Processor,decrypt-AES-256-ECB,196,1.12568021907847,
AMD EPYC 7763 64-Core Processor,decrypt-AES-256-ECB,256,1.42877260465588,
AMD EPYC 7763 64-Core Processor,decrypt-AES-256-ECB,384,2.07536969388768,
AMD EPYC 7763 64-Core Processor,decrypt-AES-256-ECB,512,2.72196678311947,
AMD EPYC 7763 64-Core Processor,decrypt-AES-256-ECB,768,4.01516096158307,
AMD EPYC 7763 64-Core Processor,decrypt-AES-256-ECB,1000,5.18711818581571,
AMD EPYC 7763 64-Core Processor,decrypt-AES-256-ECB,1500,7.71288806562743,
AMD EPYC 7763 64-Core Processor,decrypt-AES-256-GCM,64,0.821607168115885,
AMD EPYC 7763 64-Core Processor,decrypt-AES-256-GCM,128,0.840864218958335,
AMD EPYC 7763 64-Core Processor,decrypt-AES-256-GCM,196,0.861324835478439,
AMD EPYC 7763 64-Core Processor,decrypt-AES-256-GCM,256,0.879378320643236,
AMD EPYC 7763 64-Core Processor,decrypt-AES-256-GCM,384,0.917892422328137,
AMD EPYC 7763 64-Core Processor,decrypt-AES-256-GCM,512,0.956406524013038,
AMD EPYC 7763 64-Core Processor,decrypt-AES-256-GCM,768,1.03343472738283,
AMD EPYC 7763 64-Core Processor,decrypt-AES-256-GCM,1000,1.10324153668672,
AMD EPYC 7763 64-Core Processor,decrypt-AES-256-GCM,1500,1.25368724639336,
AMD EPYC 7763 64-Core Processor,encrypt-AES-128-CBC,64,0.603814781878698,
AMD EPYC 7763 64-Core Processor,encrypt-AES-128-CBC,128,0.874656429713734,
AMD EPYC 7763 64-Core Processor,encrypt-AES-128-CBC,196,1.16242568053845,
AMD EPYC 7763 64-Core Processor,encrypt-AES-128-CBC,256,1.4163397253838,
AMD EPYC 7763 64-Core Processor,encrypt-AES-128-CBC,384,1.95802302105387,
AMD EPYC 7763 64-Core Processor,encrypt-AES-128-CBC,512,2.49970631672394,
AMD EPYC 7763 64-Core Processor,encrypt-AES-128-CBC,768,3.58307290806408,
AMD EPYC 7763 64-Core Processor,encrypt-AES-128-CBC,1000,4.56487388146609,
AMD EPYC 7763 64-Core Processor,encrypt-AES-128-CBC,1500,6.6808242551773,
AMD EPYC 7763 64-Core Processor,encrypt-AES-128-CTR,64,0.768218798320021,
AMD EPYC 7763 64-Core Processor,encrypt-AES-128-CTR,128,1.06144031537287,
AMD EPYC 7763 64-Core Processor,encrypt-AES-128-CTR,196,1.37298817724152,
AMD EPYC 7763 64-Core Processor,encrypt-AES-128-CTR,256,1.64788334947857,
AMD EPYC 7763 64-Core Processor,encrypt-AES-128-CTR,384,2.23432638358427,
AMD EPYC 7763 64-Core Processor,encrypt-AES-128-CTR,512,2.82076941768998,
AMD EPYC 7763 64-Core Processor,encrypt-AES-128-CTR,768,3.99365548590138,
AMD EPYC 7763 64-Core Processor,encrypt-AES-128-CTR,1000,5.05658348521797,
AMD EPYC 7763 64-Core Processor,encrypt-AES-128-CTR,1500,7.34737658719337,
AMD EPYC 7763 64-Core Processor,encrypt-AES-128-ECB,64,0.507184066852455,
AMD EPYC 7763 64-Core Processor,encrypt-AES-128-ECB,128,0.75727850009749,
AMD EPYC 7763 64-Core Processor,encrypt-AES-128-ECB,196,1.02300383542033,
AMD EPYC 7763 64-Core Processor,encrypt-AES-128-ECB,256,1.25746736658755,
AMD EPYC 7763 64-Core Processor,encrypt-AES-128-ECB,384,1.75765623307762,
AMD EPYC 7763 64-Core Processor,encrypt-AES-128-ECB,512,2.25784509956769,
AMD EPYC 7763 64-Core Processor,encrypt-AES-128-ECB,768,3.25822283254783,
AMD EPYC 7763 64-Core Processor,encrypt-AES-128-ECB,1000,4.16481515306108,
AMD EPYC 7763 64-Core Processor,encrypt-AES-128-ECB,1500,6.11867791278791,
AMD EPYC 7763 64-Core Processor,encrypt-AES-128-GCM,64,2.95384090982678,
AMD EPYC 7763 64-Core Processor,encrypt-AES-128-GCM,128,2.9810412548031,
AMD EPYC 7763 64-Core Processor,encrypt-AES-128-GCM,196,3.00994162134043,
AMD EPYC 7763 64-Core Processor,encrypt-AES-128-GCM,256,3.03544194475573,
AMD EPYC 7763 64-Core Processor,encrypt-AES-128-GCM,384,3.08984263470836,
AMD EPYC 7763 64-Core Processor,encrypt-AES-128-GCM,512,3.144243324661,
AMD EPYC 7763 64-Core Processor,encrypt-AES-128-GCM,768,3.25304470456626,
AMD EPYC 7763 64-Core Processor,encrypt-AES-128-GCM,1000,3.35164595510541,
AMD EPYC 7763 64-Core Processor,encrypt-AES-128-GCM,1500,3.56414865023289,
AMD EPYC 7763 64-Core Processor,encrypt-AES-256-CBC,64,0.66410547370432,
AMD EPYC 7763 64-Core Processor,encrypt-AES-256-CBC,128,1.02249521641375,
AMD EPYC 7763 64-Core Processor,encrypt-AES-256-CBC,196,1.40328431804252,
AMD EPYC 7763 64-Core Processor,encrypt-AES-256-CBC,256,1.73927470183261,
AMD EPYC 7763 64-Core Processor,encrypt-AES-256-CBC,384,2.45605418725147,
AMD EPYC 7763 64-Core Processor,encrypt-AES-256-CBC,512,3.17283367267033,
AMD EPYC 7763 64-Core Processor,encrypt-AES-256-CBC,768,4.60639264350806,
AMD EPYC 7763 64-Core Processor,encrypt-AES-256-CBC,1000,5.90555546082974,
AMD EPYC 7763 64-Core Processor,encrypt-AES-256-CBC,1500,8.70547532574717,
AMD EPYC 7763 64-Core Processor,encrypt-AES-256-CTR,64,0.840427125377894,
AMD EPYC 7763 64-Core Processor,encrypt-AES-256-CTR,128,1.22155737674423,
AMD EPYC 7763 64-Core Processor,encrypt-AES-256-CTR,196,1.62650826882096,
AMD EPYC 7763 64-Core Processor,encrypt-AES-256-CTR,256,1.9838178794769,
AMD EPYC 7763 64-Core Processor,encrypt-AES-256-CTR,384,2.74607838220957,
AMD EPYC 7763 64-Core Processor,encrypt-AES-256-CTR,512,3.50833888494224,
AMD EPYC 7763 64-Core Processor,encrypt-AES-256-CTR,768,5.03285989040758,
AMD EPYC 7763 64-Core Processor,encrypt-AES-256-CTR,1000,6.41445705161055,
AMD EPYC 7763 64-Core Processor,encrypt-AES-256-CTR,1500,9.39203714041005,
AMD EPYC 7763 64-Core Processor,encrypt-AES-256-ECB,64,0.576731034627617,
AMD EPYC 7763 64-Core Processor,encrypt-AES-256-ECB,128,0.912987271880569,
AMD EPYC 7763 64-Core Processor,encrypt-AES-256-ECB,196,1.27025952396183,
AMD EPYC 7763 64-Core Processor,encrypt-AES-256-ECB,256,1.58549974638647,
AMD EPYC 7763 64-Core Processor,encrypt-AES-256-ECB,384,2.25801222089237,
AMD EPYC 7763 64-Core Processor,encrypt-AES-256-ECB,512,2.93052469539828,
AMD EPYC 7763 64-Core Processor,encrypt-AES-256-ECB,768,4.27554964441008,
AMD EPYC 7763 64-Core Processor,encrypt-AES-256-ECB,1000,5.49447850445203,
AMD EPYC 7763 64-Core Processor,encrypt-AES-256-ECB,1500,8.12148035799072,
AMD EPYC 7763 64-Core Processor,encrypt-AES-256-GCM,64,2.9337240917882,
AMD EPYC 7763 64-Core Processor,encrypt-AES-256-GCM,128,2.96181141388886,
AMD EPYC 7763 64-Core Processor,encrypt-AES-256-GCM,196,2.99165419362081,
AMD EPYC 7763 64-Core Processor,encrypt-AES-256-GCM,256,3.01798605809018,
AMD EPYC 7763 64-Core Processor,encrypt-AES-256-GCM,384,3.0741607022915,
AMD EPYC 7763 64-Core Processor,encrypt-AES-256-GCM,512,3.13033534649282,
AMD EPYC 7763 64-Core Processor,encrypt-AES-256-GCM,768,3.24268463489546,
AMD EPYC 7763 64-Core Processor,encrypt-AES-256-GCM,1000,3.34450117751036,
AMD EPYC 7763 64-Core Processor,encrypt-AES-256-GCM,1500,3.56393338142177,
AMD EPYC 7763 64-Core Processor,packet-generation,64,0.561325798366305,
AMD EPYC 7763 64-Core Processor,packet-generation,128,0.64388794490246,
AMD EPYC 7763 64-Core Processor,packet-generation,196,0.731610225597124,
AMD EPYC 7763 64-Core Processor,packet-generation,256,0.80901223797477,
AMD EPYC 7763 64-Core Processor,packet-generation,384,0.97413653104708,
AMD EPYC 7763 64-Core Processor,packet-generation,512,1.13926082411939,
AMD EPYC 7763 64-Core Processor,packet-generation,768,1.46950941026401,
AMD EPYC 7763 64-Core Processor,packet-generation,1000,1.76879719145757,
AMD EPYC 7763 64-Core Processor,packet-generation,1500,2.41381396127128,
Intel(R) Core(TM) i7-8650U CPU,decrypt-AES-128-CBC,64,0.959482417355164,
Intel(R) Core(TM) i7-8650U CPU,decrypt-AES-128-CBC,128,1.56764360062629,
Intel(R) Core(TM) i7-8650U CPU,decrypt-AES-128-CBC,196,2.21381485785187,
Intel(R) Core(TM) i7-8650U CPU,decrypt-AES-128-CBC,256,2.78396596716855,
Intel(R) Core(TM) i7-8650U CPU,decrypt-AES-128-CBC,384,4.00028833371081,
Intel(R) Core(TM) i7-8650U CPU,decrypt-AES-128-CBC,512,5.21661070025307,
Intel(R) Core(TM) i7-8650U CPU,decrypt-AES-128-CBC,768,7.6492554333376,
Intel(R) Core(TM) i7-8650U CPU,decrypt-AES-128-CBC,1000,9.85383972269544,
Intel(R) Core(TM) i7-8650U CPU,decrypt-AES-128-CBC,1500,14.6050989670011,
Intel(R) Core(TM) i7-8650U CPU,decrypt-AES-128-CTR,64,0.891329801376672,
Intel(R) Core(TM) i7-8650U CPU,decrypt-AES-128-CTR,128,1.58695221026302,
Intel(R) Core(TM) i7-8650U CPU,decrypt-AES-128-CTR,196,2.32605101970477,
Intel(R) Core(TM) i7-8650U CPU,decrypt-AES-128-CTR,256,2.97819702803572,
Intel(R) Core(TM) i7-8650U CPU,decrypt-AES-128-CTR,384,4.36944184580842,
Intel(R) Core(TM) i7-8650U CPU,decrypt-AES-128-CTR,512,5.76068666358112,
Intel(R) Core(TM) i7-8650U CPU,decrypt-AES-128-CTR,768,8.54317629912653,
Intel(R) Core(TM) i7-8650U CPU,decrypt-AES-128-CTR,1000,11.0648075313395,
Intel(R) Core(TM) i7-8650U CPU,decrypt-AES-128-CTR,1500,16.4993576007641,
Intel(R) Core(TM) i7-8650U CPU,decrypt-AES-128-ECB,64,1.04103408206875,
Intel(R) Core(TM) i7-8650U CPU,decrypt-AES-128-ECB,128,1.64444721267565,
Intel(R) Core(TM) i7-8650U CPU,decrypt-AES-128-ECB,196,2.28557366394548,
Intel(R) Core(TM) i7-8650U CPU,decrypt-AES-128-ECB,256,2.85127347388945,
Intel(R) Core(TM) i7-8650U CPU,decrypt-AES-128-ECB,384,4.05809973510325,
Intel(R) Core(TM) i7-8650U CPU,decrypt-AES-128-ECB,512,5.26492599631704,
Intel(R) Core(TM) i7-8650U CPU,decrypt-AES-128-ECB,768,7.67857851874464,
Intel(R) Core(TM) i7-8650U CPU,decrypt-AES-128-ECB,1000,9.86595111719465,
Intel(R) Core(TM) i7-8650U CPU,decrypt-AES-128-ECB,1500,14.580116200061,
Intel(R) Core(TM) i7-8650U CPU,decrypt-AES-128-GCM,64,1.79533273592058,
Intel(R) Core(TM) i7-8650U CPU,decrypt-AES-128-GCM,128,1.82439897980285,
Intel(R) Core(TM) i7-8650U CPU,decrypt-AES-128-GCM,196,1.85528186392775,
Intel(R) Core(TM) i7-8650U CPU,decrypt-AES-128-GCM,256,1.88253146756738,
Intel(R) Core(TM) i7-8650U CPU,decrypt-AES-128-GCM,384,1.9406639553319,
Intel(R) Core(TM) i7-8650U CPU,decrypt-AES-128-GCM,512,1.99879644309643,
Intel(R) Core(TM) i7-8650U CPU,decrypt-AES-128-GCM,768,2.11506141862549,
Intel(R) Core(TM) i7-8650U CPU,decrypt-AES-128-GCM,1000,2.22042655269869,
Intel(R) Core(TM) i7-8650U CPU,decrypt-AES-128-GCM,1500,2.44750658302888,
Intel(R) Core(TM) i7-8650U CPU,decrypt-AES-256-CBC,64,1.1473094368236,
Intel(R) Core(TM) i7-8650U CPU,decrypt-AES-256-CBC,128,1.95795919211415,
Intel(R) Core(TM) i7-8650U CPU,decrypt-AES-256-CBC,196,2.81927455711036,
Intel(R) Core(TM) i7-8650U CPU,decrypt-AES-256-CBC,256,3.57925870269525,
Intel(R) Core(TM) i7-8650U CPU,decrypt-AES-256-CBC,384,5.20055821327634,
Intel(R) Core(TM) i7-8650U CPU,decrypt-AES-256-CBC,512,6.82185772385744,
Intel(R) Core(TM) i7-8650U CPU,decrypt-AES-256-CBC,768,10.0644567450196,
Intel(R) Core(TM) i7-8650U CPU,decrypt-AES-256-CBC,1000,13.0030621079478,
Intel(R) Core(TM) i7-8650U CPU,decrypt-AES-256-CBC,1500,19.3362633211553,
Intel(R) Core(TM) i7-8650U CPU,decrypt-AES-256-CTR,64,1.09240089021063,
Intel(R) Core(TM) i7-8650U CPU,decrypt-AES-256-CTR,128,2.00156371800805,
Intel(R) Core(TM) i7-8650U CPU,decrypt-AES-256-CTR,196,2.96754922254281,
Intel(R) Core(TM) i7-8650U CPU,decrypt-AES-256-CTR,256,3.81988937360289,
Intel(R) Core(TM) i7-8650U CPU,decrypt-AES-256-CTR,384,5.63821502919772,
Intel(R) Core(TM) i7-8650U CPU,decrypt-AES-256-CTR,512,7.45654068479256,
Intel(R) Core(TM) i7-8650U CPU,decrypt-AES-256-CTR,768,11.0931919959822,
Intel(R) Core(TM) i7-8650U CPU,decrypt-AES-256-CTR,1000,14.3889072467478,
Intel(R) Core(TM) i7-8650U CPU,decrypt-AES-256-CTR,1500,21.4917418389152,
Intel(R) Core(TM) i7-8650U CPU,decrypt-AES-256-ECB,64,1.16853392943307,
Intel(R) Core(TM) i7-8650U CPU,decrypt-AES-256-ECB,128,1.98763706191099,
Intel(R) Core(TM) i7-8650U CPU,decrypt-AES-256-ECB,196,2.85793414016878,
Intel(R) Core(TM) i7-8650U CPU,decrypt-AES-256-ECB,256,3.62584332686683,
Intel(R) Core(TM) i7-8650U CPU,decrypt-AES-256-ECB,384,5.26404959182266,
Intel(R) Core(TM) i7-8650U CPU,decrypt-AES-256-ECB,512,6.9022558567785,
Intel(R) Core(TM) i7-8650U CPU,decrypt-AES-256-ECB,768,10.1786683866901,
Intel(R) Core(TM) i7-8650U CPU,decrypt-AES-256-ECB,1000,13.1479172419226,
Intel(R) Core(TM) i7-8650U CPU,decrypt-AES-256-ECB,1500,19.5471604644063,
Intel(R) Core(TM) i7-8650U CPU,decrypt-AES-256-GCM,64,1.84571542801997,
Intel(R) Core(TM) i7-8650U CPU,decrypt-AES-256-GCM,128,1.88350085180553,
Intel(R) Core(TM) i7-8650U CPU,decrypt-AES-256-GCM,196,1.92364786457769,
Intel(R) Core(TM) i7-8650U CPU,decrypt-AES-256-GCM,256,1.95907169937665,
Intel(R) Core(TM) i7-8650U CPU,decrypt-AES-256-GCM,384,2.03464254694777,
Intel(R) Core(TM) i7-8650U CPU,decrypt-AES-256-GCM,512,2.1102133945189,
Intel(R) Core(TM) i7-8650U CPU,decrypt-AES-256-GCM,768,2.26135508966114,
Intel(R) Core(TM) i7-8650U CPU,decrypt-AES-256-GCM,1000,2.39832725088381,
Intel(R) Core(TM) i7-8650U CPU,decrypt-AES-256-GCM,1500,2.69352587420851,
Intel(R) Core(TM) i7-8650U CPU,decrypt-RSA-2048-na,64,929.516529987759,
Intel(R) Core(TM) i7-8650U CPU,decrypt-RSA-2048-na,128,930.228500611995,
Intel(R) Core(TM) i7-8650U CPU,decrypt-RSA-2048-na,196,930.984969400245,
Intel(R) Core(TM) i7-8650U CPU,decrypt-RSA-3072-na,64,2287.33032003084,
Intel(R) Core(TM) i7-8650U CPU,decrypt-RSA-3072-na,128,2288.14000578369,
Intel(R) Core(TM) i7-8650U CPU,decrypt-RSA-3072-na,196,2289.00029689608,
Intel(R) Core(TM) i7-8650U CPU,decrypt-RSA-3072-na,256,2289.75937728937,
Intel(R) Core(TM) i7-8650U CPU,encrypt-AES-128-CBC,64,1.4906573378369,
Intel(R) Core(TM) i7-8650U CPU,encrypt-AES-128-CBC,128,2.15007637692148,
Intel(R) Core(TM) i7-8650U CPU,encrypt-AES-128-CBC,196,2.85070910594885,
Intel(R) Core(TM) i7-8650U CPU,encrypt-AES-128-CBC,256,3.46891445509064,
Intel(R) Core(TM) i7-8650U CPU,encrypt-AES-128-CBC,384,4.7877525332598,
Intel(R) Core(TM) i7-8650U CPU,encrypt-AES-128-CBC,512,6.10659061142896,
Intel(R) Core(TM) i7-8650U CPU,encrypt-AES-128-CBC,768,8.74426676776728,
Intel(R) Core(TM) i7-8650U CPU,encrypt-AES-128-CBC,1000,11.1346607844488,
Intel(R) Core(TM) i7-8650U CPU,encrypt-AES-128-CBC,1500,16.2863720272971,
Intel(R) Core(TM) i7-8650U CPU,encrypt-AES-128-CTR,64,2.34557287614845,
Intel(R) Core(TM) i7-8650U CPU,encrypt-AES-128-CTR,128,3.04454972476341,
Intel(R) Core(TM) i7-8650U CPU,encrypt-AES-128-CTR,196,3.7872126264168,
Intel(R) Core(TM) i7-8650U CPU,encrypt-AES-128-CTR,256,4.44250342199332,
Intel(R) Core(TM) i7-8650U CPU,encrypt-AES-128-CTR,384,5.84045711922323,
Intel(R) Core(TM) i7-8650U CPU,encrypt-AES-128-CTR,512,7.23841081645314,
Intel(R) Core(TM) i7-8650U CPU,encrypt-AES-128-CTR,768,10.0343182109129,
Intel(R) Core(TM) i7-8650U CPU,encrypt-AES-128-CTR,1000,12.5681092871421,
Intel(R) Core(TM) i7-8650U CPU,encrypt-AES-128-CTR,1500,18.0288659169465,
Intel(R) Core(TM) i7-8650U CPU,encrypt-AES-128-ECB,64,1.21709107918344,
Intel(R) Core(TM) i7-8650U CPU,encrypt-AES-128-ECB,128,1.84387641434184,
Intel(R) Core(TM) i7-8650U CPU,encrypt-AES-128-ECB,196,2.50983583294764,
Intel(R) Core(TM) i7-8650U CPU,encrypt-AES-128-ECB,256,3.09744708465863,
Intel(R) Core(TM) i7-8650U CPU,encrypt-AES-128-ECB,384,4.35101775497543,
Intel(R) Core(TM) i7-8650U CPU,encrypt-AES-128-ECB,512,5.60458842529222,
Intel(R) Core(TM) i7-8650U CPU,encrypt-AES-128-ECB,768,8.11172976592581,
Intel(R) Core(TM) i7-8650U CPU,encrypt-AES-128-ECB,1000,10.3838266058749,
Intel(R) Core(TM) i7-8650U CPU,encrypt-AES-128-ECB,1500,15.2805870367999,
Intel(R) Core(TM) i7-8650U CPU,encrypt-AES-128-GCM,64,10.4456022412825,
Intel(R) Core(TM) i7-8650U CPU,encrypt-AES-128-GCM,128,10.4924767944539,
Intel(R) Core(TM) i7-8650U CPU,encrypt-AES-128-GCM,196,10.5422810071984,
Intel(R) Core(TM) i7-8650U CPU,encrypt-AES-128-GCM,256,10.5862259007966,
Intel(R) Core(TM) i7-8650U CPU,encrypt-AES-128-GCM,384,10.6799750071394,
Intel(R) Core(TM) i7-8650U CPU,encrypt-AES-128-GCM,512,10.7737241134821,
Intel(R) Core(TM) i7-8650U CPU,encrypt-AES-128-GCM,768,10.9612223261676,
Intel(R) Core(TM) i7-8650U CPU,encrypt-AES-128-GCM,1000,11.1311425814138,
Intel(R) Core(TM) i7-8650U CPU,encrypt-AES-128-GCM,1500,11.4973500280652,
Intel(R) Core(TM) i7-8650U CPU,encrypt-AES-256-CBC,64,1.66343345577012,
Intel(R) Core(TM) i7-8650U CPU,encrypt-AES-256-CBC,128,2.53963911018326,
Intel(R) Core(TM) i7-8650U CPU,encrypt-AES-256-CBC,196,3.47060761799722,
Intel(R) Core(TM) i7-8650U CPU,encrypt-AES-256-CBC,256,4.29205041900954,
Intel(R) Core(TM) i7-8650U CPU,encrypt-AES-256-CBC,384,6.04446172783582,
Intel(R) Core(TM) i7-8650U CPU,encrypt-AES-256-CBC,512,7.7968730366621,
Intel(R) Core(TM) i7-8650U CPU,encrypt-AES-256-CBC,768,11.3016956543146,
Intel(R) Core(TM) i7-8650U CPU,encrypt-AES-256-CBC,1000,14.4779411515622,
Intel(R) Core(TM) i7-8650U CPU,encrypt-AES-256-CBC,1500,21.3232978266649,
Intel(R) Core(TM) i7-8650U CPU,encrypt-AES-256-CTR,64,2.50058243803484,
Intel(R) Core(TM) i7-8650U CPU,encrypt-AES-256-CTR,128,3.41407594363312,
Intel(R) Core(TM) i7-8650U CPU,encrypt-AES-256-CTR,196,4.38466279333129,
Intel(R) Core(TM) i7-8650U CPU,encrypt-AES-256-CTR,256,5.24106295482968,
Intel(R) Core(TM) i7-8650U CPU,encrypt-AES-256-CTR,384,7.06804996602625,
Intel(R) Core(TM) i7-8650U CPU,encrypt-AES-256-CTR,512,8.89503697722281,
Intel(R) Core(TM) i7-8650U CPU,encrypt-AES-256-CTR,768,12.5490109996159,
Intel(R) Core(TM) i7-8650U CPU,encrypt-AES-256-CTR,1000,15.8604249574097,
Intel(R) Core(TM) i7-8650U CPU,encrypt-AES-256-CTR,1500,22.9970929698963,
Intel(R) Core(TM) i7-8650U CPU,encrypt-AES-256-ECB,64,1.31075793951688,
Intel(R) Core(TM) i7-8650U CPU,encrypt-AES-256-ECB,128,2.16056026154861,
Intel(R) Core(TM) i7-8650U CPU,encrypt-AES-256-ECB,196,3.06347522870732,
Intel(R) Core(TM) i7-8650U CPU,encrypt-AES-256-ECB,256,3.86016490561206,
Intel(R) Core(TM) i7-8650U CPU,encrypt-AES-256-ECB,384,5.55976954967552,
Intel(R) Core(TM) i7-8650U CPU,encrypt-AES-256-ECB,512,7.25937419373898,
Intel(R) Core(TM) i7-8650U CPU,encrypt-AES-256-ECB,768,10.6585834818658,
Intel(R) Core(TM) i7-8650U CPU,encrypt-AES-256-ECB,1000,13.7391168992309,
Intel(R) Core(TM) i7-8650U CPU,encrypt-AES-256-ECB,1500,20.3781975401037,
Intel(R) Core(TM) i7-8650U CPU,encrypt-AES-256-GCM,64,10.3039113925297,
Intel(R) Core(TM) i7-8650U CPU,encrypt-AES-256-GCM,128,10.3582750593309,
Intel(R) Core(TM) i7-8650U CPU,encrypt-AES-256-GCM,196,10.4160364553072,
Intel(R) Core(TM) i7-8650U CPU,encrypt-AES-256-GCM,256,10.4670023929334,
Intel(R) Core(TM) i7-8650U CPU,encrypt-AES-256-GCM,384,10.5757297265359,
Intel(R) Core(TM) i7-8650U CPU,encrypt-AES-256-GCM,512,10.6844570601384,
Intel(R) Core(TM) i7-8650U CPU,encrypt-AES-256-GCM,768,10.9019117273434,
Intel(R) Core(TM) i7-8650U CPU,encrypt-AES-256-GCM,1000,11.0989800194979,
Intel(R) Core(TM) i7-8650U CPU,encrypt-AES-256-GCM,1500,11.5236961663827,
Intel(R) Core(TM) i7-8650U CPU,encrypt-RSA-2048-na,64,38.6644492044063,
Intel(R) Core(TM) i7-8650U CPU,encrypt-RSA-2048-na,128,38.7025397796817,
Intel(R) Core(TM) i7-8650U CPU,encrypt-RSA-2048-na,196,38.7430110159118,
Intel(R) Core(TM) i7-8650U CPU,encrypt-RSA-3072-na,64,58.4142760748023,
Intel(R) Core(TM) i7-8650U CPU,encrypt-RSA-3072-na,128,58.3817640254482,
Intel(R) Core(TM) i7-8650U CPU,encrypt-RSA-3072-na,196,58.3472199730094,
Intel(R) Core(TM) i7-8650U CPU,encrypt-RSA-3072-na,256,58.3167399267399,
Intel(R) Core(TM) i7-8650U CPU,packet-generation,64,11.8166157369567,
Intel(R) Core(TM) i7-8650U CPU,packet-generation,128,12.002103870217,
Intel(R) Core(TM) i7-8650U CPU,packet-generation,196,12.199185011806,
Intel(R) Core(TM) i7-8650U CPU,packet-generation,256,12.3730801367374,
Intel(R) Core(TM) i7-8650U CPU,packet-generation,384,12.7440564032579,
Intel(R) Core(TM) i7-8650U CPU,packet-generation,512,13.1150326697784,
Intel(R) Core(TM) i7-8650U CPU,packet-generation,768,13.8569852028194,
Intel(R) Core(TM) i7-8650U CPU,packet-generation,1000,14.5293796858878,
Intel(R) Core(TM) i7-8650U CPU,packet-generation,1500,15.9785057269834,
,,,,
AMD EPYC 7763 64-Core Processor,packet-return,64,10,
AMD EPYC 7763 64-Core Processor,packet-return,1500,10,
AMD EPYC 7763 64-Core Processor,packet-process,64,10,
AMD EPYC 7763 64-Core Processor,packet-process,1500,10,
,,,,
,,,,
,,,,
,,,,
,,,,
Accelerator Entries,,,,
### model,operation,pcktlen,exec time,
AEWIN 0T008,encrypt-AES-256-CBC,128,0.5,
AEWIN 0T008,decrypt-AES-256-CBC,128,0.5,
AEWIN 0T008,encrypt-AES-128-CBC,1500,0.5,
AEWIN 0T008,decrypt-AES-128-CBC,1500,0.5,
AEWIN 0T008,encrypt-AES-128-CBC,1000,0.5,
AEWIN 0T008,decrypt-AES-128-CBC,1000,0.5,
,,,,
Router Entries,,,,
### model,operation,pcktlen,exec time,bandwidth
Cisco 4300 ,route,64,518.22,1000
Cisco 4300 ,route,128,685.97,1000
Cisco 4300 ,route,196,780.53,1000
Cisco 4300 ,route,256,818.36,1000
Cisco 4300 ,route,384,859.3,1000
Cisco 4300 ,route,512,897.27,1000
Cisco 4300 ,route,768,927.25,1000
Cisco 4300 ,route,1000,954.26,1000
Cisco 4300 ,route,1500,981.99,1000
,,,,
Switch Entries,,,,
### model,operation,pcktlen,exec time,bandwidth
Aruba 3810,switch,128,24.56,1000
Aruba 3810,switch,512,39.1,1000
Aruba 3810,switch,1500,55.85,1000
,,,,
Netgear GJS524E,switch,128,27.96,1000
Netgear GJS524E,switch,512,29.12,1000
Netgear GJS524E,switch,1500,30.211,1000
,,,,
Netgear GS324T,switch,128,29.81,1000
Netgear GS324T,switch,512,39.21,1000
Netgear GS324T,switch,1500,50.22,1000
,,,,
### color key,,,,
### Category label,,,,
### singleton descriptor ,,,,
### list descriptor,,,,
### dict descriptor,,,,
